,,,https://wits.worldbank.org/trade/comtrade/en/country/USA/year/2023/tradeflow/Imports/partner/ALL/product/300431,,,,,
Reporter,TradeFlow,ProductCode,Product Description,Year,Partner,Trade Value 1000USD,Quantity,Quantity Unit
United States,Import,300431,"Medicaments of insulin, for retail sale",2023,World,1193876.65,4651510,Kg
United States,Import,300431,"Medicaments of insulin, for retail sale",2023,Germany,832340.45,3356850,Kg
United States,Import,300431,"Medicaments of insulin, for retail sale",2023,France,110086.03,344790,Kg
United States,Import,300431,"Medicaments of insulin, for retail sale",2023,Italy,100135.44,186568,Kg
United States,Import,300431,"Medicaments of insulin, for retail sale",2023,Malaysia,88571.66,617240,Kg
United States,Import,300431,"Medicaments of insulin, for retail sale",2023,Ireland,40893.48,60996,Kg
United States,Import,300431,"Medicaments of insulin, for retail sale",2023,Denmark,21514.36,84608,Kg
United States,Import,300431,"Medicaments of insulin, for retail sale",2023,India,259.4,309,Kg
United States,Import,300431,"Medicaments of insulin, for retail sale",2023,China,67.73,138,Kg
United States,Import,300431,"Medicaments of insulin, for retail sale",2023,United Kingdom,8.11,13,Kg
United States,Import,300431,"Medicaments of insulin, for retail sale",2022,World,1178174.97,4737350,Kg
United States,Import,300431,"Medicaments of insulin, for retail sale",2022,Germany,872655.48,3438600,Kg
United States,Import,300431,"Medicaments of insulin, for retail sale",2022,France,121216.28,355094,Kg
United States,Import,300431,"Medicaments of insulin, for retail sale",2022,Malaysia,74996.83,702169,Kg
United States,Import,300431,"Medicaments of insulin, for retail sale",2022,Denmark,74921.93,199907,Kg
United States,Import,300431,"Medicaments of insulin, for retail sale",2022,Belgium,16881.92,1770,Kg
United States,Import,300431,"Medicaments of insulin, for retail sale",2022,Ireland,12987.25,22501,Kg
United States,Import,300431,"Medicaments of insulin, for retail sale",2022,United Kingdom,2759.42,11468,Kg
United States,Import,300431,"Medicaments of insulin, for retail sale",2022,Italy,799.8,369,Kg
United States,Import,300431,"Medicaments of insulin, for retail sale",2022,India,787.97,4415,Kg
United States,Import,300431,"Medicaments of insulin, for retail sale",2022,Singapore,78.59,172,Kg
United States,Import,300431,"Medicaments of insulin, for retail sale",2022,China,77.5,879,Kg
United States,Import,300431,"Medicaments of insulin, for retail sale",2022,Japan,9.04,1,Kg
United States,Import,300431,"Medicaments of insulin, for retail sale",2022,Brazil,2.96,2,Kg
United States,Import,300431,"Medicaments of insulin, for retail sale",2021,World,1327959.53,4289810,Kg
United States,Import,300431,"Medicaments of insulin, for retail sale",2021,Germany,1093546.89,3752910,Kg
United States,Import,300431,"Medicaments of insulin, for retail sale",2021,Denmark,100751.08,225190,Kg
United States,Import,300431,"Medicaments of insulin, for retail sale",2021,France,68856.1,64178,Kg
United States,Import,300431,"Medicaments of insulin, for retail sale",2021,Malaysia,64716.23,247164,Kg
United States,Import,300431,"Medicaments of insulin, for retail sale",2021,India,67.17,344,Kg
United States,Import,300431,"Medicaments of insulin, for retail sale",2021,China,10.47,22,Kg
United States,Import,300431,"Medicaments of insulin, for retail sale",2021,Japan,6.75,1,Kg
United States,Import,300431,"Medicaments of insulin, for retail sale",2021,United Kingdom,4.85,1,Kg
United States,Import,300431,"Medicaments of insulin, for retail sale",2020,World,1299456.77,4100730,Kg
United States,Import,300431,"Medicaments of insulin, for retail sale",2020,Germany,1142661.76,3785190,Kg
United States,Import,300431,"Medicaments of insulin, for retail sale",2020,Denmark,105503.29,202705,Kg
United States,Import,300431,"Medicaments of insulin, for retail sale",2020,France,25862.69,26234,Kg
United States,Import,300431,"Medicaments of insulin, for retail sale",2020,Malaysia,18702.58,70322,Kg
United States,Import,300431,"Medicaments of insulin, for retail sale",2020,Ireland,6710.48,16174,Kg
United States,Import,300431,"Medicaments of insulin, for retail sale",2020,United Kingdom,4.3,1,Kg
United States,Import,300431,"Medicaments of insulin, for retail sale",2020,Russian Federation,3.98,102,Kg
United States,Import,300431,"Medicaments of insulin, for retail sale",2020,Italy,2.83,2,Kg
United States,Import,300431,"Medicaments of insulin, for retail sale",2020,Philippines,2.48,3,Kg
United States,Import,300431,"Medicaments of insulin, for retail sale",2020,Canada,2.37,1,Kg
United States,Import,300431,"Medicaments of insulin, for retail sale",2019,World,1568643.36,3697390,Kg
United States,Import,300431,"Medicaments of insulin, for retail sale",2019,Germany,1386053.22,3439580,Kg
United States,Import,300431,"Medicaments of insulin, for retail sale",2019,Denmark,116029.46,202688,Kg
United States,Import,300431,"Medicaments of insulin, for retail sale",2019,France,66507.09,54792,Kg
United States,Import,300431,"Medicaments of insulin, for retail sale",2019,Italy,27.92,88,Kg
United States,Import,300431,"Medicaments of insulin, for retail sale",2019,Malaysia,10.08,96,Kg
United States,Import,300431,"Medicaments of insulin, for retail sale",2019,India,6.74,148,Kg
United States,Import,300431,"Medicaments of insulin, for retail sale",2019,United Kingdom,3.75,1,Kg
United States,Import,300431,"Medicaments of insulin, for retail sale",2019,Switzerland,2.83,4,Kg
United States,Import,300431,"Medicaments of insulin, for retail sale",2019,Mexico,2.27,1,Kg
United States,Import,300431,"Medicaments of insulin, for retail sale",2018,World,1845457.62,3774370,Kg
United States,Import,300431,"Medicaments of insulin, for retail sale",2018,Germany,1619884.42,3425870,Kg
United States,Import,300431,"Medicaments of insulin, for retail sale",2018,Denmark,160584.82,243933,Kg
United States,Import,300431,"Medicaments of insulin, for retail sale",2018,France,59969.45,88094,Kg
United States,Import,300431,"Medicaments of insulin, for retail sale",2018,Singapore,4523.02,11764,Kg
United States,Import,300431,"Medicaments of insulin, for retail sale",2018,United Kingdom,181.35,290,Kg
United States,Import,300431,"Medicaments of insulin, for retail sale",2018,India,141.21,2265,Kg
United States,Import,300431,"Medicaments of insulin, for retail sale",2018,China,89.26,1019,Kg
United States,Import,300431,"Medicaments of insulin, for retail sale",2018,Malaysia,72.75,1129,Kg
United States,Import,300431,"Medicaments of insulin, for retail sale",2018,Ireland,6.78,2,Kg
United States,Import,300431,"Medicaments of insulin, for retail sale",2018,Bermuda,4.55,1,Kg
United States,Import,300431,"Medicaments of insulin, for retail sale",2017,World,2502759.27,4173760,Kg
United States,Import,300431,"Medicaments of insulin, for retail sale",2017,Germany,2327850.17,3886780,Kg
United States,Import,300431,"Medicaments of insulin, for retail sale",2017,France,111253.49,98913,Kg
United States,Import,300431,"Medicaments of insulin, for retail sale",2017,Denmark,63630.23,187483,Kg
United States,Import,300431,"Medicaments of insulin, for retail sale",2017,India,15.23,572,Kg
United States,Import,300431,"Medicaments of insulin, for retail sale",2017,United Kingdom,6.77,10,Kg
United States,Import,300431,"Medicaments of insulin, for retail sale",2017,Japan,3.38,3,Kg
United States,Import,300431,"Medicaments of insulin, for retail sale",2016,World,3377323.63,5914360,Kg
United States,Import,300431,"Medicaments of insulin, for retail sale",2016,Germany,2785813.67,4106370,Kg
United States,Import,300431,"Medicaments of insulin, for retail sale",2016,Denmark,386829.64,485638,Kg
United States,Import,300431,"Medicaments of insulin, for retail sale",2016,France,204631.84,1321020,Kg
United States,Import,300431,"Medicaments of insulin, for retail sale",2016,Canada,37.68,1323,Kg
United States,Import,300431,"Medicaments of insulin, for retail sale",2016,United Kingdom,10.81,12,Kg
United States,Import,300431,"Medicaments of insulin, for retail sale",2015,World,4061747.32,4634250,Kg
United States,Import,300431,"Medicaments of insulin, for retail sale",2015,Germany,3905098.58,4155730,Kg
United States,Import,300431,"Medicaments of insulin, for retail sale",2015,Denmark,114427.49,455750,Kg
United States,Import,300431,"Medicaments of insulin, for retail sale",2015,France,41780.89,19927,Kg
United States,Import,300431,"Medicaments of insulin, for retail sale",2015,United Kingdom,356.66,288,Kg
United States,Import,300431,"Medicaments of insulin, for retail sale",2015,Canada,63,2533,Kg
United States,Import,300431,"Medicaments of insulin, for retail sale",2015,Italy,12.07,6,Kg
United States,Import,300431,"Medicaments of insulin, for retail sale",2015,Japan,5.74,8,Kg
United States,Import,300431,"Medicaments of insulin, for retail sale",2015,Ireland,2.88,1,Kg
United States,Import,300431,"Medicaments of insulin, for retail sale",2014,World,4934108.43,4720380,Kg
United States,Import,300431,"Medicaments of insulin, for retail sale",2014,Germany,4344724.52,3682160,Kg
United States,Import,300431,"Medicaments of insulin, for retail sale",2014,Denmark,555670.33,1000450,Kg
United States,Import,300431,"Medicaments of insulin, for retail sale",2014,France,30076.48,26594,Kg
United States,Import,300431,"Medicaments of insulin, for retail sale",2014,United Kingdom,1693.07,334,Kg
United States,Import,300431,"Medicaments of insulin, for retail sale",2014,Israel,1616.71,1306,Kg
United States,Import,300431,"Medicaments of insulin, for retail sale",2014,India,300.3,9528,Kg
United States,Import,300431,"Medicaments of insulin, for retail sale",2014,Canada,27.02,7,Kg
United States,Import,300431,"Medicaments of insulin, for retail sale",2013,World,3594022.41,4362140,Kg
United States,Import,300431,"Medicaments of insulin, for retail sale",2013,Germany,3171618.62,3598850,Kg
United States,Import,300431,"Medicaments of insulin, for retail sale",2013,Denmark,411777.51,749987,Kg
United States,Import,300431,"Medicaments of insulin, for retail sale",2013,France,10436.83,12972,Kg
United States,Import,300431,"Medicaments of insulin, for retail sale",2013,United Kingdom,151.32,315,Kg
United States,Import,300431,"Medicaments of insulin, for retail sale",2013,Canada,38.14,21,Kg
United States,Import,300431,"Medicaments of insulin, for retail sale",2012,World,2884577.73,4103240,Kg
United States,Import,300431,"Medicaments of insulin, for retail sale",2012,Germany,2594842.71,3461210,Kg
United States,Import,300431,"Medicaments of insulin, for retail sale",2012,Denmark,256812.61,592299,Kg
United States,Import,300431,"Medicaments of insulin, for retail sale",2012,France,24484.63,41507,Kg
United States,Import,300431,"Medicaments of insulin, for retail sale",2012,Italy,7970.19,6720,Kg
United States,Import,300431,"Medicaments of insulin, for retail sale",2012,India,340.83,1215,Kg
United States,Import,300431,"Medicaments of insulin, for retail sale",2012,China,51.65,127,Kg
United States,Import,300431,"Medicaments of insulin, for retail sale",2012,Canada,37.63,9,Kg
United States,Import,300431,"Medicaments of insulin, for retail sale",2012,United Kingdom,34.77,142,Kg
United States,Import,300431,"Medicaments of insulin, for retail sale",2012,Netherlands,2.7,16,Kg
United States,Import,300431,"Medicaments of insulin, for retail sale",2011,World,2120630.12,3433180,Kg
United States,Import,300431,"Medicaments of insulin, for retail sale",2011,Germany,1770175.94,2830310,Kg
United States,Import,300431,"Medicaments of insulin, for retail sale",2011,Italy,235946.45,200684,Kg
United States,Import,300431,"Medicaments of insulin, for retail sale",2011,Denmark,109284.18,388080,Kg
United States,Import,300431,"Medicaments of insulin, for retail sale",2011,France,5100.84,12625,Kg
United States,Import,300431,"Medicaments of insulin, for retail sale",2011,Canada,60.13,21,Kg
United States,Import,300431,"Medicaments of insulin, for retail sale",2011,United Kingdom,37.91,106,Kg
United States,Import,300431,"Medicaments of insulin, for retail sale",2011,India,24.68,1356,Kg
United States,Import,300431,"Medicaments of insulin, for retail sale",2010,World,1728467.83,3117780,Kg
United States,Import,300431,"Medicaments of insulin, for retail sale",2010,Germany,1229469.42,2112940,Kg
United States,Import,300431,"Medicaments of insulin, for retail sale",2010,Italy,280517.47,260520,Kg
United States,Import,300431,"Medicaments of insulin, for retail sale",2010,Denmark,198812.25,714624,Kg
United States,Import,300431,"Medicaments of insulin, for retail sale",2010,France,19543.66,29446,Kg
United States,Import,300431,"Medicaments of insulin, for retail sale",2010,Canada,65.09,16,Kg
United States,Import,300431,"Medicaments of insulin, for retail sale",2010,United Kingdom,43.77,203,Kg
United States,Import,300431,"Medicaments of insulin, for retail sale",2010,India,13.42,25,Kg
United States,Import,300431,"Medicaments of insulin, for retail sale",2010,Nigeria,2.75,1,Kg
United States,Import,300431,"Medicaments of insulin, for retail sale",2009,World,1829450.44,3110390,Kg
United States,Import,300431,"Medicaments of insulin, for retail sale",2009,Germany,1628672.83,2358770,Kg
United States,Import,300431,"Medicaments of insulin, for retail sale",2009,Denmark,110021.57,643767,Kg
United States,Import,300431,"Medicaments of insulin, for retail sale",2009,Italy,64718.71,62704,Kg
United States,Import,300431,"Medicaments of insulin, for retail sale",2009,France,25287.55,38445,Kg
United States,Import,300431,"Medicaments of insulin, for retail sale",2009,India,346.03,2240,Kg
United States,Import,300431,"Medicaments of insulin, for retail sale",2009,United Kingdom,214.16,4094,Kg
United States,Import,300431,"Medicaments of insulin, for retail sale",2009,Belgium,98.27,213,Kg
United States,Import,300431,"Medicaments of insulin, for retail sale",2009,Canada,85.2,143,Kg
United States,Import,300431,"Medicaments of insulin, for retail sale",2009,Japan,6.13,13,Kg
United States,Import,300431,"Medicaments of insulin, for retail sale",2008,World,1349966.22,2904080,Kg
United States,Import,300431,"Medicaments of insulin, for retail sale",2008,Germany,945300.99,1852280,Kg
United States,Import,300431,"Medicaments of insulin, for retail sale",2008,France,285888.77,449577,Kg
United States,Import,300431,"Medicaments of insulin, for retail sale",2008,Denmark,118507.66,591277,Kg
United States,Import,300431,"Medicaments of insulin, for retail sale",2008,India,140.8,9668,Kg
United States,Import,300431,"Medicaments of insulin, for retail sale",2008,Canada,89.09,1243,Kg
United States,Import,300431,"Medicaments of insulin, for retail sale",2008,United Kingdom,22.4,24,Kg
United States,Import,300431,"Medicaments of insulin, for retail sale",2008,"Korea, Rep.",16.53,13,Kg
United States,Import,300431,"Medicaments of insulin, for retail sale",2007,World,1190139.18,2437910,Kg
United States,Import,300431,"Medicaments of insulin, for retail sale",2007,Germany,874598.36,1231280,Kg
United States,Import,300431,"Medicaments of insulin, for retail sale",2007,Denmark,197313.16,970608,Kg
United States,Import,300431,"Medicaments of insulin, for retail sale",2007,France,118145.09,235773,Kg
United States,Import,300431,"Medicaments of insulin, for retail sale",2007,Canada,33.39,8,Kg
United States,Import,300431,"Medicaments of insulin, for retail sale",2007,Poland,20.15,10,Kg
United States,Import,300431,"Medicaments of insulin, for retail sale",2007,India,18.95,16,Kg
United States,Import,300431,"Medicaments of insulin, for retail sale",2007,United Kingdom,10.07,216,Kg
United States,Import,300431,"Medicaments of insulin, for retail sale",2006,World,1147241.38,2238400,Kg
United States,Import,300431,"Medicaments of insulin, for retail sale",2006,Germany,714218.69,980477,Kg
United States,Import,300431,"Medicaments of insulin, for retail sale",2006,Denmark,311591.34,1082420,Kg
United States,Import,300431,"Medicaments of insulin, for retail sale",2006,France,121199.41,169965,Kg
United States,Import,300431,"Medicaments of insulin, for retail sale",2006,United Kingdom,210.69,5510,Kg
United States,Import,300431,"Medicaments of insulin, for retail sale",2006,Canada,21.25,27,Kg
United States,Import,300431,"Medicaments of insulin, for retail sale",2005,World,1167961.94,4030530,Kg
United States,Import,300431,"Medicaments of insulin, for retail sale",2005,Germany,572291.75,1974930,Kg
United States,Import,300431,"Medicaments of insulin, for retail sale",2005,Denmark,443264.87,1529670,Kg
United States,Import,300431,"Medicaments of insulin, for retail sale",2005,France,149718.32,516664,Kg
United States,Import,300431,"Medicaments of insulin, for retail sale",2005,United Kingdom,2205.43,7611,Kg
United States,Import,300431,"Medicaments of insulin, for retail sale",2005,Switzerland,296.88,1024,Kg
United States,Import,300431,"Medicaments of insulin, for retail sale",2005,India,166.9,576,Kg
United States,Import,300431,"Medicaments of insulin, for retail sale",2005,Australia,17.8,61,Kg
United States,Import,300431,"Medicaments of insulin, for retail sale",2004,World,591738.49,"2,042,040",Kg
United States,Import,300431,"Medicaments of insulin, for retail sale",2004,Germany,340061.24,"1,173,520",Kg
United States,Import,300431,"Medicaments of insulin, for retail sale",2004,France,176771.74,"610,023",Kg
United States,Import,300431,"Medicaments of insulin, for retail sale",2004,Denmark,74887.09,"258,428",Kg
United States,Import,300431,"Medicaments of insulin, for retail sale",2004,Australia,16.17,56,Kg
United States,Import,300431,"Medicaments of insulin, for retail sale",2004,Canada,2.25,8,Kg
United States,Import,300431,"Medicaments of insulin, for retail sale",2003,World,"441,980.74","1,544,100",Kg
United States,Import,300431,"Medicaments of insulin, for retail sale",2003,Germany,"240,467.72","840,096",Kg
United States,Import,300431,"Medicaments of insulin, for retail sale",2003,France,"169,854.00","593,401",Kg
United States,Import,300431,"Medicaments of insulin, for retail sale",2003,Denmark,"31,656.26","110,594",Kg
United States,Import,300431,"Medicaments of insulin, for retail sale",2003,Canada,2.76,10,Kg
United States,Import,300431,"Medicaments of insulin, for retail sale",2002,World,"306,513.91","1,233,850",Kg
United States,Import,300431,"Medicaments of insulin, for retail sale",2002,France,"144,306.48","580,897",Kg
United States,Import,300431,"Medicaments of insulin, for retail sale",2002,Germany,"131,266.30","528,405",Kg
United States,Import,300431,"Medicaments of insulin, for retail sale",2002,Denmark,"29,311.66","117,992",Kg
United States,Import,300431,"Medicaments of insulin, for retail sale",2002,United Kingdom,"1,299.78","5,232",Kg
United States,Import,300431,"Medicaments of insulin, for retail sale",2002,Australia,319.4,"1,286",Kg
United States,Import,300431,"Medicaments of insulin, for retail sale",2002,Switzerland,5.26,21,Kg
United States,Import,300431,"Medicaments of insulin, for retail sale",2002,Ireland,5.03,20,Kg
United States,Import,300431,"Medicaments of insulin, for retail sale",2001,World,"156,253.72","741,543",Kg
United States,Import,300431,"Medicaments of insulin, for retail sale",2001,France,"99,043.19","470,035",Kg
United States,Import,300431,"Medicaments of insulin, for retail sale",2001,Germany,"47,917.39","227,404",Kg
United States,Import,300431,"Medicaments of insulin, for retail sale",2001,Denmark,"9,174.52","43,540",Kg
United States,Import,300431,"Medicaments of insulin, for retail sale",2001,Australia,106.61,506,Kg
United States,Import,300431,"Medicaments of insulin, for retail sale",2001,Belgium,12,57,Kg
United States,Import,300431,"Medicaments of insulin, for retail sale",2000,World,"92,941.73","390,214",Kg
United States,Import,300431,"Medicaments of insulin, for retail sale",2000,France,"75,725.76","317,933",Kg
United States,Import,300431,"Medicaments of insulin, for retail sale",2000,Denmark,"15,125.35","63,503",Kg
United States,Import,300431,"Medicaments of insulin, for retail sale",2000,Germany,"1,650.77","6,931",Kg
United States,Import,300431,"Medicaments of insulin, for retail sale",2000,Sweden,324.93,"1,364",Kg
United States,Import,300431,"Medicaments of insulin, for retail sale",2000,Belgium,53.71,226,Kg
United States,Import,300431,"Medicaments of insulin, for retail sale",2000,United Kingdom,40.67,171,Kg
United States,Import,300431,"Medicaments of insulin, for retail sale",2000,Australia,10.85,46,Kg
United States,Import,300431,"Medicaments of insulin, for retail sale",2000,Netherlands,6.47,27,Kg
United States,Import,300431,"Medicaments of insulin, for retail sale",2000,Italy,3.23,14,Kg
United States,Import,300431,"Medicaments of insulin, for retail sale",1999,World,"46,643.13","210,321",Kg
United States,Import,300431,"Medicaments of insulin, for retail sale",1999,France,"38,013.40","86,998",Kg
United States,Import,300431,"Medicaments of insulin, for retail sale",1999,Denmark,"8,457.88","117,131",Kg
United States,Import,300431,"Medicaments of insulin, for retail sale",1999,Canada,166.83,"6,188",Kg
United States,Import,300431,"Medicaments of insulin, for retail sale",1999,China,5.02,4,Kg
United States,Import,300431,"Medicaments of insulin, for retail sale",1998,World,"16,620.31","110,536",Kg
United States,Import,300431,"Medicaments of insulin, for retail sale",1998,France,"9,070.98","24,422",Kg
United States,Import,300431,"Medicaments of insulin, for retail sale",1998,Denmark,"6,921.08","83,964",Kg
United States,Import,300431,"Medicaments of insulin, for retail sale",1998,Germany,363.41,453,Kg
United States,Import,300431,"Medicaments of insulin, for retail sale",1998,United Kingdom,98.42,884,Kg
United States,Import,300431,"Medicaments of insulin, for retail sale",1998,Canada,87.28,84,Kg
United States,Import,300431,"Medicaments of insulin, for retail sale",1998,Switzerland,33.81,58,Kg
United States,Import,300431,"Medicaments of insulin, for retail sale",1998,Belgium-Luxembourg,25.79,65,Kg
United States,Import,300431,"Medicaments of insulin, for retail sale",1998,Italy,6.36,425,Kg
United States,Import,300431,"Medicaments of insulin, for retail sale",1998,Australia,5.8,157,Kg
United States,Import,300431,"Medicaments of insulin, for retail sale",1998,Japan,2.86,1,Kg
United States,Import,300431,"Medicaments of insulin, for retail sale",1998,Saudi Arabia,2.77,3,Kg
United States,Import,300431,"Medicaments of insulin, for retail sale",1998,Ireland,1.74,20,Kg
United States,Import,300431,"Medicaments of insulin, for retail sale",1997,World,"31,428.92","305,854",Kg
United States,Import,300431,"Medicaments of insulin, for retail sale",1997,Denmark,"27,976.83","293,783",Kg
United States,Import,300431,"Medicaments of insulin, for retail sale",1997,France,"3,429.26","11,954",Kg
United States,Import,300431,"Medicaments of insulin, for retail sale",1997,United Kingdom,8.25,20,Kg
United States,Import,300431,"Medicaments of insulin, for retail sale",1997,Germany,6.89,95,Kg
United States,Import,300431,"Medicaments of insulin, for retail sale",1997,Japan,6.08,1,Kg
United States,Import,300431,"Medicaments of insulin, for retail sale",1997,Sweden,1.6,1,Kg
United States,Import,300431,"Medicaments of insulin, for retail sale",1996,World,"48,400.69","527,618",Kg
United States,Import,300431,"Medicaments of insulin, for retail sale",1996,Denmark,"42,870.45","521,673",Kg
United States,Import,300431,"Medicaments of insulin, for retail sale",1996,France,"5,528.72","5,943",Kg
United States,Import,300431,"Medicaments of insulin, for retail sale",1996,Germany,1.52,2,Kg
United States,Import,300431,"Medicaments of insulin, for retail sale",1995,World,"55,671.42",,
United States,Import,300431,"Medicaments of insulin, for retail sale",1995,Denmark,"52,447.48",,
United States,Import,300431,"Medicaments of insulin, for retail sale",1995,France,"2,995.28",,
United States,Import,300431,"Medicaments of insulin, for retail sale",1995,United Kingdom,168.72,,
United States,Import,300431,"Medicaments of insulin, for retail sale",1995,Canada,38.56,,
United States,Import,300431,"Medicaments of insulin, for retail sale",1995,Switzerland,19.92,,
United States,Import,300431,"Medicaments of insulin, for retail sale",1995,Germany,1.46,,
United States,Import,300431,"Medicaments of insulin, for retail sale",1994,World,"36,258.45",,
United States,Import,300431,"Medicaments of insulin, for retail sale",1994,Denmark,"34,929.14",,
United States,Import,300431,"Medicaments of insulin, for retail sale",1994,United Kingdom,"1,138.72",,
United States,Import,300431,"Medicaments of insulin, for retail sale",1994,France,99.67,,
United States,Import,300431,"Medicaments of insulin, for retail sale",1994,Canada,51.1,,
United States,Import,300431,"Medicaments of insulin, for retail sale",1994,Australia,17.22,,
United States,Import,300431,"Medicaments of insulin, for retail sale",1994,Sweden,10.91,,
United States,Import,300431,"Medicaments of insulin, for retail sale",1994,Germany,8.86,,
United States,Import,300431,"Medicaments of insulin, for retail sale",1994,Russian Federation,2.83,,
United States,Import,300431,"Medicaments of insulin, for retail sale",1993,World,"48,345.96",,
United States,Import,300431,"Medicaments of insulin, for retail sale",1993,Denmark,"47,350.10",,
United States,Import,300431,"Medicaments of insulin, for retail sale",1993,Australia,548.4,,
United States,Import,300431,"Medicaments of insulin, for retail sale",1993,France,412.35,,
United States,Import,300431,"Medicaments of insulin, for retail sale",1993,Hungary,22.11,,
United States,Import,300431,"Medicaments of insulin, for retail sale",1993,Canada,8.47,,
United States,Import,300431,"Medicaments of insulin, for retail sale",1993,Germany,2.93,,
United States,Import,300431,"Medicaments of insulin, for retail sale",1993,Ireland,1.6,,
United States,Import,300431,"Medicaments of insulin, for retail sale",1992,World,"52,963.16",,
United States,Import,300431,"Medicaments of insulin, for retail sale",1992,Denmark,"50,763.48",,
United States,Import,300431,"Medicaments of insulin, for retail sale",1992,Germany,"1,617.02",,
United States,Import,300431,"Medicaments of insulin, for retail sale",1992,France,567.52,,
United States,Import,300431,"Medicaments of insulin, for retail sale",1992,Switzerland,5.81,,
United States,Import,300431,"Medicaments of insulin, for retail sale",1992,Canada,4.67,,
United States,Import,300431,"Medicaments of insulin, for retail sale",1992,United Kingdom,4.66,,